{"version":"1.137.0","results":[],"errors":[],"paths":{"scanned":[]},"time":{"rules":[],"rules_parse_time":0.0037474632263183594,"profiling_times":{"config_time":0.1326289176940918,"core_time":0.2881040573120117,"ignores_time":2.3126602172851563e-005,"total_time":0.4209940433502197},"fixpoint_timeouts":[],"targets":[],"total_bytes":0,"max_memory_bytes":70907584},"engine_requested":"OSS","skipped_rules":[]}